{"arbitrage_scan_attempt": 1783814916.2583835, "live_odds_scan_attempt": 1783814603.0564377, "live_odds_scan": 1783814543.040828, "tips_scan_attempt": 1783807412.6550674, "tips_scan": 1783807352.6438317}